{"cameraMode":{"drawMode":0,"name":"Shaded","section":"Shading Mode"},"sceneLighting":true,"audioPlay":false,"sceneViewState":{"m_AlwaysRefresh":false,"showFog":true,"showSkybox":true,"showFlares":true,"showImageEffects":true,"showParticleSystems":true,"showVisualEffectGraphs":true,"m_FxEnabled":true},"in2DMode":false,"pivot":{"x":-4.777327537536621,"y":-2.2552847862243654,"z":7.24452018737793},"rotation":{"x":-0.13637030124664308,"y":0.010992312803864479,"z":-0.001516224117949605,"w":-0.9905650615692139},"size":9.227763175964356,"orthographic":false}